{
 "scale_value": 0.04, 
 "on": true, 
 "obj_type": "gnome.movers.current_movers.CatsMover", 
 "scale": true, 
 "scale_refpoint": [
  -70.78333, 
  42.39333, 
  0.0
 ], 
 "name": "CatsMover", 
 "uncertain_duration": 48.0, 
 "active_start": "-inf", 
 "filename": "MassBaySewage.cur", 
 "up_cur_uncertain": 0.3, 
 "real_data_start": "-inf", 
 "right_cur_uncertain": 0.1, 
 "active_stop": "inf", 
 "json_": "save", 
 "uncertain_eddy_diffusion": 0.0, 
 "uncertain_time_delay": 0.0, 
 "real_data_stop": "inf", 
 "uncertain_eddy_v0": 0.1, 
 "left_cur_uncertain": -0.1, 
 "down_cur_uncertain": -0.3
}