{
 "json_": "save", 
 "obj_type": "gnome.spill.elements.element_type.ElementType", 
 "initializers": [
  {
   "windage_range": [
    0.01, 
    0.04
   ], 
   "json_": "save", 
   "obj_type": "gnome.spill.elements.initializers.InitWindages", 
   "name": "windages", 
   "windage_persist": 900
  }
 ], 
 "name": "ElementType", 
 "substance": {
  "bullwinkle_time": null, 
  "api": 29.9, 
  "molecular_weights": [
   {
    "oil": {
     "oil_seawater_interfacial_tension_n_m": null, 
     "oil_seawater_interfacial_tension_ref_temp_k": null, 
     "adhesion_kg_m_2": 0.28, 
     "emulsion_water_fraction_max": 0.9, 
     "pour_point_max_k": 219.0, 
     "name": "ALASKA NORTH SLOPE (MIDDLE PIPELINE)", 
     "oil_water_interfacial_tension_n_m": 0.0238, 
     "soluability": 0.0, 
     "flash_point_min_k": 250.0, 
     "sulphur_fraction": 0.0116, 
     "flash_point_max_k": 250.0, 
     "bullwinkle_time": null, 
     "api": 29.9, 
     "oil_water_interfacial_tension_ref_temp_k": 273.0, 
     "imported_record_id": 486, 
     "pour_point_min_k": 219.0, 
     "id": 353, 
     "estimated_id": 353, 
     "bullwinkle_fraction": 0.303
    }, 
    "sara_type": "Saturates", 
    "g_mol": 73.68357055970264, 
    "ref_temp_k": 313.0, 
    "id": 4367, 
    "oil_id": 353
   }, 
   {
    "oil": {
     "oil_seawater_interfacial_tension_n_m": null, 
     "oil_seawater_interfacial_tension_ref_temp_k": null, 
     "adhesion_kg_m_2": 0.28, 
     "emulsion_water_fraction_max": 0.9, 
     "pour_point_max_k": 219.0, 
     "name": "ALASKA NORTH SLOPE (MIDDLE PIPELINE)", 
     "oil_water_interfacial_tension_n_m": 0.0238, 
     "soluability": 0.0, 
     "flash_point_min_k": 250.0, 
     "sulphur_fraction": 0.0116, 
     "flash_point_max_k": 250.0, 
     "bullwinkle_time": null, 
     "api": 29.9, 
     "oil_water_interfacial_tension_ref_temp_k": 273.0, 
     "imported_record_id": 486, 
     "pour_point_min_k": 219.0, 
     "id": 353, 
     "estimated_id": 353, 
     "bullwinkle_fraction": 0.303
    }, 
    "sara_type": "Aromatics", 
    "g_mol": 63.07203818161141, 
    "ref_temp_k": 313.0, 
    "id": 4368, 
    "oil_id": 353
   }, 
   {
    "oil": {
     "oil_seawater_interfacial_tension_n_m": null, 
     "oil_seawater_interfacial_tension_ref_temp_k": null, 
     "adhesion_kg_m_2": 0.28, 
     "emulsion_water_fraction_max": 0.9, 
     "pour_point_max_k": 219.0, 
     "name": "ALASKA NORTH SLOPE (MIDDLE PIPELINE)", 
     "oil_water_interfacial_tension_n_m": 0.0238, 
     "soluability": 0.0, 
     "flash_point_min_k": 250.0, 
     "sulphur_fraction": 0.0116, 
     "flash_point_max_k": 250.0, 
     "bullwinkle_time": null, 
     "api": 29.9, 
     "oil_water_interfacial_tension_ref_temp_k": 273.0, 
     "imported_record_id": 486, 
     "pour_point_min_k": 219.0, 
     "id": 353, 
     "estimated_id": 353, 
     "bullwinkle_fraction": 0.303
    }, 
    "sara_type": "Saturates", 
    "g_mol": 91.28590469084087, 
    "ref_temp_k": 353.0, 
    "id": 4369, 
    "oil_id": 353
   }, 
   {
    "oil": {
     "oil_seawater_interfacial_tension_n_m": null, 
     "oil_seawater_interfacial_tension_ref_temp_k": null, 
     "adhesion_kg_m_2": 0.28, 
     "emulsion_water_fraction_max": 0.9, 
     "pour_point_max_k": 219.0, 
     "name": "ALASKA NORTH SLOPE (MIDDLE PIPELINE)", 
     "oil_water_interfacial_tension_n_m": 0.0238, 
     "soluability": 0.0, 
     "flash_point_min_k": 250.0, 
     "sulphur_fraction": 0.0116, 
     "flash_point_max_k": 250.0, 
     "bullwinkle_time": null, 
     "api": 29.9, 
     "oil_water_interfacial_tension_ref_temp_k": 273.0, 
     "imported_record_id": 486, 
     "pour_point_min_k": 219.0, 
     "id": 353, 
     "estimated_id": 353, 
     "bullwinkle_fraction": 0.303
    }, 
    "sara_type": "Aromatics", 
    "g_mol": 79.28575654300448, 
    "ref_temp_k": 353.0, 
    "id": 4370, 
    "oil_id": 353
   }, 
   {
    "oil": {
     "oil_seawater_interfacial_tension_n_m": null, 
     "oil_seawater_interfacial_tension_ref_temp_k": null, 
     "adhesion_kg_m_2": 0.28, 
     "emulsion_water_fraction_max": 0.9, 
     "pour_point_max_k": 219.0, 
     "name": "ALASKA NORTH SLOPE (MIDDLE PIPELINE)", 
     "oil_water_interfacial_tension_n_m": 0.0238, 
     "soluability": 0.0, 
     "flash_point_min_k": 250.0, 
     "sulphur_fraction": 0.0116, 
     "flash_point_max_k": 250.0, 
     "bullwinkle_time": null, 
     "api": 29.9, 
     "oil_water_interfacial_tension_ref_temp_k": 273.0, 
     "imported_record_id": 486, 
     "pour_point_min_k": 219.0, 
     "id": 353, 
     "estimated_id": 353, 
     "bullwinkle_fraction": 0.303
    }, 
    "sara_type": "Saturates", 
    "g_mol": 111.21782045593451, 
    "ref_temp_k": 393.0, 
    "id": 4371, 
    "oil_id": 353
   }, 
   {
    "oil": {
     "oil_seawater_interfacial_tension_n_m": null, 
     "oil_seawater_interfacial_tension_ref_temp_k": null, 
     "adhesion_kg_m_2": 0.28, 
     "emulsion_water_fraction_max": 0.9, 
     "pour_point_max_k": 219.0, 
     "name": "ALASKA NORTH SLOPE (MIDDLE PIPELINE)", 
     "oil_water_interfacial_tension_n_m": 0.0238, 
     "soluability": 0.0, 
     "flash_point_min_k": 250.0, 
     "sulphur_fraction": 0.0116, 
     "flash_point_max_k": 250.0, 
     "bullwinkle_time": null, 
     "api": 29.9, 
     "oil_water_interfacial_tension_ref_temp_k": 273.0, 
     "imported_record_id": 486, 
     "pour_point_min_k": 219.0, 
     "id": 353, 
     "estimated_id": 353, 
     "bullwinkle_fraction": 0.303
    }, 
    "sara_type": "Aromatics", 
    "g_mol": 97.81363430554806, 
    "ref_temp_k": 393.0, 
    "id": 4372, 
    "oil_id": 353
   }, 
   {
    "oil": {
     "oil_seawater_interfacial_tension_n_m": null, 
     "oil_seawater_interfacial_tension_ref_temp_k": null, 
     "adhesion_kg_m_2": 0.28, 
     "emulsion_water_fraction_max": 0.9, 
     "pour_point_max_k": 219.0, 
     "name": "ALASKA NORTH SLOPE (MIDDLE PIPELINE)", 
     "oil_water_interfacial_tension_n_m": 0.0238, 
     "soluability": 0.0, 
     "flash_point_min_k": 250.0, 
     "sulphur_fraction": 0.0116, 
     "flash_point_max_k": 250.0, 
     "bullwinkle_time": null, 
     "api": 29.9, 
     "oil_water_interfacial_tension_ref_temp_k": 273.0, 
     "imported_record_id": 486, 
     "pour_point_min_k": 219.0, 
     "id": 353, 
     "estimated_id": 353, 
     "bullwinkle_fraction": 0.303
    }, 
    "sara_type": "Saturates", 
    "g_mol": 133.75142397284813, 
    "ref_temp_k": 433.0, 
    "id": 4373, 
    "oil_id": 353
   }, 
   {
    "oil": {
     "oil_seawater_interfacial_tension_n_m": null, 
     "oil_seawater_interfacial_tension_ref_temp_k": null, 
     "adhesion_kg_m_2": 0.28, 
     "emulsion_water_fraction_max": 0.9, 
     "pour_point_max_k": 219.0, 
     "name": "ALASKA NORTH SLOPE (MIDDLE PIPELINE)", 
     "oil_water_interfacial_tension_n_m": 0.0238, 
     "soluability": 0.0, 
     "flash_point_min_k": 250.0, 
     "sulphur_fraction": 0.0116, 
     "flash_point_max_k": 250.0, 
     "bullwinkle_time": null, 
     "api": 29.9, 
     "oil_water_interfacial_tension_ref_temp_k": 273.0, 
     "imported_record_id": 486, 
     "pour_point_min_k": 219.0, 
     "id": 353, 
     "estimated_id": 353, 
     "bullwinkle_fraction": 0.303
    }, 
    "sara_type": "Aromatics", 
    "g_mol": 118.95282475816097, 
    "ref_temp_k": 433.0, 
    "id": 4374, 
    "oil_id": 353
   }, 
   {
    "oil": {
     "oil_seawater_interfacial_tension_n_m": null, 
     "oil_seawater_interfacial_tension_ref_temp_k": null, 
     "adhesion_kg_m_2": 0.28, 
     "emulsion_water_fraction_max": 0.9, 
     "pour_point_max_k": 219.0, 
     "name": "ALASKA NORTH SLOPE (MIDDLE PIPELINE)", 
     "oil_water_interfacial_tension_n_m": 0.0238, 
     "soluability": 0.0, 
     "flash_point_min_k": 250.0, 
     "sulphur_fraction": 0.0116, 
     "flash_point_max_k": 250.0, 
     "bullwinkle_time": null, 
     "api": 29.9, 
     "oil_water_interfacial_tension_ref_temp_k": 273.0, 
     "imported_record_id": 486, 
     "pour_point_min_k": 219.0, 
     "id": 353, 
     "estimated_id": 353, 
     "bullwinkle_fraction": 0.303
    }, 
    "sara_type": "Saturates", 
    "g_mol": 159.22349825764528, 
    "ref_temp_k": 473.0, 
    "id": 4375, 
    "oil_id": 353
   }, 
   {
    "oil": {
     "oil_seawater_interfacial_tension_n_m": null, 
     "oil_seawater_interfacial_tension_ref_temp_k": null, 
     "adhesion_kg_m_2": 0.28, 
     "emulsion_water_fraction_max": 0.9, 
     "pour_point_max_k": 219.0, 
     "name": "ALASKA NORTH SLOPE (MIDDLE PIPELINE)", 
     "oil_water_interfacial_tension_n_m": 0.0238, 
     "soluability": 0.0, 
     "flash_point_min_k": 250.0, 
     "sulphur_fraction": 0.0116, 
     "flash_point_max_k": 250.0, 
     "bullwinkle_time": null, 
     "api": 29.9, 
     "oil_water_interfacial_tension_ref_temp_k": 273.0, 
     "imported_record_id": 486, 
     "pour_point_min_k": 219.0, 
     "id": 353, 
     "estimated_id": 353, 
     "bullwinkle_fraction": 0.303
    }, 
    "sara_type": "Aromatics", 
    "g_mol": 143.07734277976434, 
    "ref_temp_k": 473.0, 
    "id": 4376, 
    "oil_id": 353
   }, 
   {
    "oil": {
     "oil_seawater_interfacial_tension_n_m": null, 
     "oil_seawater_interfacial_tension_ref_temp_k": null, 
     "adhesion_kg_m_2": 0.28, 
     "emulsion_water_fraction_max": 0.9, 
     "pour_point_max_k": 219.0, 
     "name": "ALASKA NORTH SLOPE (MIDDLE PIPELINE)", 
     "oil_water_interfacial_tension_n_m": 0.0238, 
     "soluability": 0.0, 
     "flash_point_min_k": 250.0, 
     "sulphur_fraction": 0.0116, 
     "flash_point_max_k": 250.0, 
     "bullwinkle_time": null, 
     "api": 29.9, 
     "oil_water_interfacial_tension_ref_temp_k": 273.0, 
     "imported_record_id": 486, 
     "pour_point_min_k": 219.0, 
     "id": 353, 
     "estimated_id": 353, 
     "bullwinkle_fraction": 0.303
    }, 
    "sara_type": "Saturates", 
    "g_mol": 238.776174385486, 
    "ref_temp_k": 573.0, 
    "id": 4377, 
    "oil_id": 353
   }, 
   {
    "oil": {
     "oil_seawater_interfacial_tension_n_m": null, 
     "oil_seawater_interfacial_tension_ref_temp_k": null, 
     "adhesion_kg_m_2": 0.28, 
     "emulsion_water_fraction_max": 0.9, 
     "pour_point_max_k": 219.0, 
     "name": "ALASKA NORTH SLOPE (MIDDLE PIPELINE)", 
     "oil_water_interfacial_tension_n_m": 0.0238, 
     "soluability": 0.0, 
     "flash_point_min_k": 250.0, 
     "sulphur_fraction": 0.0116, 
     "flash_point_max_k": 250.0, 
     "bullwinkle_time": null, 
     "api": 29.9, 
     "oil_water_interfacial_tension_ref_temp_k": 273.0, 
     "imported_record_id": 486, 
     "pour_point_min_k": 219.0, 
     "id": 353, 
     "estimated_id": 353, 
     "bullwinkle_fraction": 0.303
    }, 
    "sara_type": "Aromatics", 
    "g_mol": 219.89701740947635, 
    "ref_temp_k": 573.0, 
    "id": 4378, 
    "oil_id": 353
   }, 
   {
    "oil": {
     "oil_seawater_interfacial_tension_n_m": null, 
     "oil_seawater_interfacial_tension_ref_temp_k": null, 
     "adhesion_kg_m_2": 0.28, 
     "emulsion_water_fraction_max": 0.9, 
     "pour_point_max_k": 219.0, 
     "name": "ALASKA NORTH SLOPE (MIDDLE PIPELINE)", 
     "oil_water_interfacial_tension_n_m": 0.0238, 
     "soluability": 0.0, 
     "flash_point_min_k": 250.0, 
     "sulphur_fraction": 0.0116, 
     "flash_point_max_k": 250.0, 
     "bullwinkle_time": null, 
     "api": 29.9, 
     "oil_water_interfacial_tension_ref_temp_k": 273.0, 
     "imported_record_id": 486, 
     "pour_point_min_k": 219.0, 
     "id": 353, 
     "estimated_id": 353, 
     "bullwinkle_fraction": 0.303
    }, 
    "sara_type": "Saturates", 
    "g_mol": 349.8842273437913, 
    "ref_temp_k": 673.0, 
    "id": 4379, 
    "oil_id": 353
   }, 
   {
    "oil": {
     "oil_seawater_interfacial_tension_n_m": null, 
     "oil_seawater_interfacial_tension_ref_temp_k": null, 
     "adhesion_kg_m_2": 0.28, 
     "emulsion_water_fraction_max": 0.9, 
     "pour_point_max_k": 219.0, 
     "name": "ALASKA NORTH SLOPE (MIDDLE PIPELINE)", 
     "oil_water_interfacial_tension_n_m": 0.0238, 
     "soluability": 0.0, 
     "flash_point_min_k": 250.0, 
     "sulphur_fraction": 0.0116, 
     "flash_point_max_k": 250.0, 
     "bullwinkle_time": null, 
     "api": 29.9, 
     "oil_water_interfacial_tension_ref_temp_k": 273.0, 
     "imported_record_id": 486, 
     "pour_point_min_k": 219.0, 
     "id": 353, 
     "estimated_id": 353, 
     "bullwinkle_fraction": 0.303
    }, 
    "sara_type": "Aromatics", 
    "g_mol": 330.95381724488277, 
    "ref_temp_k": 673.0, 
    "id": 4380, 
    "oil_id": 353
   }, 
   {
    "oil": {
     "oil_seawater_interfacial_tension_n_m": null, 
     "oil_seawater_interfacial_tension_ref_temp_k": null, 
     "adhesion_kg_m_2": 0.28, 
     "emulsion_water_fraction_max": 0.9, 
     "pour_point_max_k": 219.0, 
     "name": "ALASKA NORTH SLOPE (MIDDLE PIPELINE)", 
     "oil_water_interfacial_tension_n_m": 0.0238, 
     "soluability": 0.0, 
     "flash_point_min_k": 250.0, 
     "sulphur_fraction": 0.0116, 
     "flash_point_max_k": 250.0, 
     "bullwinkle_time": null, 
     "api": 29.9, 
     "oil_water_interfacial_tension_ref_temp_k": 273.0, 
     "imported_record_id": 486, 
     "pour_point_min_k": 219.0, 
     "id": 353, 
     "estimated_id": 353, 
     "bullwinkle_fraction": 0.303
    }, 
    "sara_type": "Saturates", 
    "g_mol": 512.9196274962972, 
    "ref_temp_k": 773.0, 
    "id": 4381, 
    "oil_id": 353
   }, 
   {
    "oil": {
     "oil_seawater_interfacial_tension_n_m": null, 
     "oil_seawater_interfacial_tension_ref_temp_k": null, 
     "adhesion_kg_m_2": 0.28, 
     "emulsion_water_fraction_max": 0.9, 
     "pour_point_max_k": 219.0, 
     "name": "ALASKA NORTH SLOPE (MIDDLE PIPELINE)", 
     "oil_water_interfacial_tension_n_m": 0.0238, 
     "soluability": 0.0, 
     "flash_point_min_k": 250.0, 
     "sulphur_fraction": 0.0116, 
     "flash_point_max_k": 250.0, 
     "bullwinkle_time": null, 
     "api": 29.9, 
     "oil_water_interfacial_tension_ref_temp_k": 273.0, 
     "imported_record_id": 486, 
     "pour_point_min_k": 219.0, 
     "id": 353, 
     "estimated_id": 353, 
     "bullwinkle_fraction": 0.303
    }, 
    "sara_type": "Aromatics", 
    "g_mol": 502.8745784181198, 
    "ref_temp_k": 773.0, 
    "id": 4382, 
    "oil_id": 353
   }, 
   {
    "oil": {
     "oil_seawater_interfacial_tension_n_m": null, 
     "oil_seawater_interfacial_tension_ref_temp_k": null, 
     "adhesion_kg_m_2": 0.28, 
     "emulsion_water_fraction_max": 0.9, 
     "pour_point_max_k": 219.0, 
     "name": "ALASKA NORTH SLOPE (MIDDLE PIPELINE)", 
     "oil_water_interfacial_tension_n_m": 0.0238, 
     "soluability": 0.0, 
     "flash_point_min_k": 250.0, 
     "sulphur_fraction": 0.0116, 
     "flash_point_max_k": 250.0, 
     "bullwinkle_time": null, 
     "api": 29.9, 
     "oil_water_interfacial_tension_ref_temp_k": 273.0, 
     "imported_record_id": 486, 
     "pour_point_min_k": 219.0, 
     "id": 353, 
     "estimated_id": 353, 
     "bullwinkle_fraction": 0.303
    }, 
    "sara_type": "Saturates", 
    "g_mol": 776.4793160510156, 
    "ref_temp_k": 873.0, 
    "id": 4383, 
    "oil_id": 353
   }, 
   {
    "oil": {
     "oil_seawater_interfacial_tension_n_m": null, 
     "oil_seawater_interfacial_tension_ref_temp_k": null, 
     "adhesion_kg_m_2": 0.28, 
     "emulsion_water_fraction_max": 0.9, 
     "pour_point_max_k": 219.0, 
     "name": "ALASKA NORTH SLOPE (MIDDLE PIPELINE)", 
     "oil_water_interfacial_tension_n_m": 0.0238, 
     "soluability": 0.0, 
     "flash_point_min_k": 250.0, 
     "sulphur_fraction": 0.0116, 
     "flash_point_max_k": 250.0, 
     "bullwinkle_time": null, 
     "api": 29.9, 
     "oil_water_interfacial_tension_ref_temp_k": 273.0, 
     "imported_record_id": 486, 
     "pour_point_min_k": 219.0, 
     "id": 353, 
     "estimated_id": 353, 
     "bullwinkle_fraction": 0.303
    }, 
    "sara_type": "Aromatics", 
    "g_mol": 810.9321338867865, 
    "ref_temp_k": 873.0, 
    "id": 4384, 
    "oil_id": 353
   }, 
   {
    "oil": {
     "oil_seawater_interfacial_tension_n_m": null, 
     "oil_seawater_interfacial_tension_ref_temp_k": null, 
     "adhesion_kg_m_2": 0.28, 
     "emulsion_water_fraction_max": 0.9, 
     "pour_point_max_k": 219.0, 
     "name": "ALASKA NORTH SLOPE (MIDDLE PIPELINE)", 
     "oil_water_interfacial_tension_n_m": 0.0238, 
     "soluability": 0.0, 
     "flash_point_min_k": 250.0, 
     "sulphur_fraction": 0.0116, 
     "flash_point_max_k": 250.0, 
     "bullwinkle_time": null, 
     "api": 29.9, 
     "oil_water_interfacial_tension_ref_temp_k": 273.0, 
     "imported_record_id": 486, 
     "pour_point_min_k": 219.0, 
     "id": 353, 
     "estimated_id": 353, 
     "bullwinkle_fraction": 0.303
    }, 
    "sara_type": "Saturates", 
    "g_mol": 1309.47584568329, 
    "ref_temp_k": 973.0, 
    "id": 4385, 
    "oil_id": 353
   }, 
   {
    "oil": {
     "oil_seawater_interfacial_tension_n_m": null, 
     "oil_seawater_interfacial_tension_ref_temp_k": null, 
     "adhesion_kg_m_2": 0.28, 
     "emulsion_water_fraction_max": 0.9, 
     "pour_point_max_k": 219.0, 
     "name": "ALASKA NORTH SLOPE (MIDDLE PIPELINE)", 
     "oil_water_interfacial_tension_n_m": 0.0238, 
     "soluability": 0.0, 
     "flash_point_min_k": 250.0, 
     "sulphur_fraction": 0.0116, 
     "flash_point_max_k": 250.0, 
     "bullwinkle_time": null, 
     "api": 29.9, 
     "oil_water_interfacial_tension_ref_temp_k": 273.0, 
     "imported_record_id": 486, 
     "pour_point_min_k": 219.0, 
     "id": 353, 
     "estimated_id": 353, 
     "bullwinkle_fraction": 0.303
    }, 
    "sara_type": "Aromatics", 
    "g_mol": 1677.2879705369483, 
    "ref_temp_k": 973.0, 
    "id": 4386, 
    "oil_id": 353
   }
  ], 
  "cuts": [
   {
    "vapor_temp_k": 313.0, 
    "liquid_temp_k": null, 
    "fraction": 0.03, 
    "imported_record_id": 486, 
    "id": 2000, 
    "oil_id": 353
   }, 
   {
    "vapor_temp_k": 353.0, 
    "liquid_temp_k": null, 
    "fraction": 0.07, 
    "imported_record_id": 486, 
    "id": 2001, 
    "oil_id": 353
   }, 
   {
    "vapor_temp_k": 393.0, 
    "liquid_temp_k": null, 
    "fraction": 0.13, 
    "imported_record_id": 486, 
    "id": 2002, 
    "oil_id": 353
   }, 
   {
    "vapor_temp_k": 433.0, 
    "liquid_temp_k": null, 
    "fraction": 0.19, 
    "imported_record_id": 486, 
    "id": 2003, 
    "oil_id": 353
   }, 
   {
    "vapor_temp_k": 473.0, 
    "liquid_temp_k": null, 
    "fraction": 0.25, 
    "imported_record_id": 486, 
    "id": 2004, 
    "oil_id": 353
   }, 
   {
    "vapor_temp_k": 573.0, 
    "liquid_temp_k": null, 
    "fraction": 0.42, 
    "imported_record_id": 486, 
    "id": 2005, 
    "oil_id": 353
   }, 
   {
    "vapor_temp_k": 673.0, 
    "liquid_temp_k": null, 
    "fraction": 0.6, 
    "imported_record_id": 486, 
    "id": 2006, 
    "oil_id": 353
   }, 
   {
    "vapor_temp_k": 773.0, 
    "liquid_temp_k": null, 
    "fraction": 0.76, 
    "imported_record_id": 486, 
    "id": 2007, 
    "oil_id": 353
   }, 
   {
    "vapor_temp_k": 873.0, 
    "liquid_temp_k": null, 
    "fraction": 0.88, 
    "imported_record_id": 486, 
    "id": 2008, 
    "oil_id": 353
   }, 
   {
    "vapor_temp_k": 973.0, 
    "liquid_temp_k": null, 
    "fraction": 0.95, 
    "imported_record_id": 486, 
    "id": 2009, 
    "oil_id": 353
   }
  ], 
  "pour_point_min_k": 219.0, 
  "id": 353, 
  "oil_seawater_interfacial_tension_ref_temp_k": null, 
  "estimated": {
   "emulsion_water_fraction_max": true, 
   "pour_point_max_k": false, 
   "densities": false, 
   "oil_water_interfacial_tension_n_m": false, 
   "sara_fractions": true, 
   "soluability": true, 
   "flash_point_min_k": false, 
   "oil": {
    "oil_seawater_interfacial_tension_n_m": null, 
    "oil_seawater_interfacial_tension_ref_temp_k": null, 
    "adhesion_kg_m_2": 0.28, 
    "emulsion_water_fraction_max": 0.9, 
    "pour_point_max_k": 219.0, 
    "name": "ALASKA NORTH SLOPE (MIDDLE PIPELINE)", 
    "oil_water_interfacial_tension_n_m": 0.0238, 
    "soluability": 0.0, 
    "flash_point_min_k": 250.0, 
    "sulphur_fraction": 0.0116, 
    "flash_point_max_k": 250.0, 
    "bullwinkle_time": null, 
    "api": 29.9, 
    "oil_water_interfacial_tension_ref_temp_k": 273.0, 
    "imported_record_id": 486, 
    "pour_point_min_k": 219.0, 
    "id": 353, 
    "estimated_id": 353, 
    "bullwinkle_fraction": 0.303
   }, 
   "sulphur_fraction": false, 
   "flash_point_max_k": false, 
   "api": false, 
   "molecular_weights": true, 
   "viscosities": true, 
   "cuts": false, 
   "oil_water_interfacial_tension_ref_temp_k": false, 
   "adhesion_kg_m_2": false, 
   "pour_point_min_k": false, 
   "bullwinkle_fraction": true, 
   "id": 353, 
   "name": false
  }, 
  "imported": {
   "benzene": null, 
   "resins": null, 
   "dvis": [
    {
     "kg_ms": 0.034, 
     "ref_temp_k": 273.0, 
     "imported_record_id": 486, 
     "id": 42, 
     "weathering": 0.0
    }, 
    {
     "kg_ms": 0.016, 
     "ref_temp_k": 288.0, 
     "imported_record_id": 486, 
     "id": 43, 
     "weathering": 0.0
    }
   ], 
   "naphthenes": null, 
   "cut_units": "weight", 
   "reference": "A Catalogue of Crude Oil and Oil Product Properties Special Edition Pacific OCS Region. Prepared for Minerals Management Service and Environment Canada. Draft 12/97.", 
   "aromatics": null, 
   "synonyms": [], 
   "api": 29.9, 
   "cuts": [
    {
     "vapor_temp_k": 313.0, 
     "liquid_temp_k": null, 
     "fraction": 0.03, 
     "imported_record_id": 486, 
     "id": 2000, 
     "oil_id": 353
    }, 
    {
     "vapor_temp_k": 353.0, 
     "liquid_temp_k": null, 
     "fraction": 0.07, 
     "imported_record_id": 486, 
     "id": 2001, 
     "oil_id": 353
    }, 
    {
     "vapor_temp_k": 393.0, 
     "liquid_temp_k": null, 
     "fraction": 0.13, 
     "imported_record_id": 486, 
     "id": 2002, 
     "oil_id": 353
    }, 
    {
     "vapor_temp_k": 433.0, 
     "liquid_temp_k": null, 
     "fraction": 0.19, 
     "imported_record_id": 486, 
     "id": 2003, 
     "oil_id": 353
    }, 
    {
     "vapor_temp_k": 473.0, 
     "liquid_temp_k": null, 
     "fraction": 0.25, 
     "imported_record_id": 486, 
     "id": 2004, 
     "oil_id": 353
    }, 
    {
     "vapor_temp_k": 573.0, 
     "liquid_temp_k": null, 
     "fraction": 0.42, 
     "imported_record_id": 486, 
     "id": 2005, 
     "oil_id": 353
    }, 
    {
     "vapor_temp_k": 673.0, 
     "liquid_temp_k": null, 
     "fraction": 0.6, 
     "imported_record_id": 486, 
     "id": 2006, 
     "oil_id": 353
    }, 
    {
     "vapor_temp_k": 773.0, 
     "liquid_temp_k": null, 
     "fraction": 0.76, 
     "imported_record_id": 486, 
     "id": 2007, 
     "oil_id": 353
    }, 
    {
     "vapor_temp_k": 873.0, 
     "liquid_temp_k": null, 
     "fraction": 0.88, 
     "imported_record_id": 486, 
     "id": 2008, 
     "oil_id": 353
    }, 
    {
     "vapor_temp_k": 973.0, 
     "liquid_temp_k": null, 
     "fraction": 0.95, 
     "imported_record_id": 486, 
     "id": 2009, 
     "oil_id": 353
    }
   ], 
   "nickel": null, 
   "id": 486, 
   "oil_seawater_interfacial_tension_ref_temp_k": 273.0, 
   "oil_name": "ALASKA NORTH SLOPE (MIDDLE PIPELINE)", 
   "pour_point_min_k": 219.0, 
   "adhesion": 0.28, 
   "adios_oil_id": "AD01759", 
   "asphaltenes": null, 
   "comments": null, 
   "custom": false, 
   "flash_point_max_k": 250.0, 
   "location": "ALASKA", 
   "polars": null, 
   "preferred_oils": true, 
   "dispersability_temp_k": null, 
   "oil": {
    "oil_seawater_interfacial_tension_n_m": null, 
    "oil_seawater_interfacial_tension_ref_temp_k": null, 
    "adhesion_kg_m_2": 0.28, 
    "emulsion_water_fraction_max": 0.9, 
    "pour_point_max_k": 219.0, 
    "name": "ALASKA NORTH SLOPE (MIDDLE PIPELINE)", 
    "oil_water_interfacial_tension_n_m": 0.0238, 
    "soluability": 0.0, 
    "flash_point_min_k": 250.0, 
    "sulphur_fraction": 0.0116, 
    "flash_point_max_k": 250.0, 
    "bullwinkle_time": null, 
    "api": 29.9, 
    "oil_water_interfacial_tension_ref_temp_k": 273.0, 
    "imported_record_id": 486, 
    "pour_point_min_k": 219.0, 
    "id": 353, 
    "estimated_id": 353, 
    "bullwinkle_fraction": 0.303
   }, 
   "pour_point_max_k": 219.0, 
   "oil_seawater_interfacial_tension_n_m": 0.0, 
   "water_content_emulsion": null, 
   "flash_point_min_k": 250.0, 
   "conrandson_residuum": null, 
   "kvis": [], 
   "viscosity_multiplier": null, 
   "reid_vapor_pressure": null, 
   "sulphur": 0.0116, 
   "field_name": "ALASKA NORTH SLOPE (MIDDLE PIPELINE)", 
   "toxicities": [], 
   "emuls_constant_max": null, 
   "densities": [
    {
     "ref_temp_k": 273.0, 
     "oil_id": 353, 
     "kg_m_3": 887.0, 
     "imported_record_id": 486, 
     "id": 88, 
     "weathering": 0.0
    }, 
    {
     "ref_temp_k": 288.0, 
     "oil_id": 353, 
     "kg_m_3": 876.0, 
     "imported_record_id": 486, 
     "id": 89, 
     "weathering": 0.0
    }
   ], 
   "emuls_constant_min": null, 
   "wax_content": null, 
   "product_type": "Crude", 
   "oil_water_interfacial_tension_n_m": 0.0238, 
   "vanadium": null, 
   "conrandson_crude": null, 
   "paraffins": null, 
   "saturates": null, 
   "oil_class": "Group 3", 
   "k0y": 2.02e-06, 
   "oil_water_interfacial_tension_ref_temp_k": 273.0
  }, 
  "sulphur_fraction": 0.0116, 
  "oil_water_interfacial_tension_n_m": 0.0238, 
  "flash_point_max_k": 250.0, 
  "categories": [
   {
    "name": "Medium", 
    "parent": {
     "parent_id": null, 
     "id": 1, 
     "name": "Crude"
    }, 
    "id": 6, 
    "parent_id": 1, 
    "children": []
   }
  ], 
  "adhesion_kg_m_2": 0.28, 
  "bullwinkle_fraction": 0.303, 
  "flash_point_min_k": 250.0, 
  "pour_point_max_k": 219.0, 
  "oil_seawater_interfacial_tension_n_m": null, 
  "soluability": 0.0, 
  "emulsion_water_fraction_max": 0.9, 
  "sara_densities": [
   {
    "oil": {
     "oil_seawater_interfacial_tension_n_m": null, 
     "oil_seawater_interfacial_tension_ref_temp_k": null, 
     "adhesion_kg_m_2": 0.28, 
     "emulsion_water_fraction_max": 0.9, 
     "pour_point_max_k": 219.0, 
     "name": "ALASKA NORTH SLOPE (MIDDLE PIPELINE)", 
     "oil_water_interfacial_tension_n_m": 0.0238, 
     "soluability": 0.0, 
     "flash_point_min_k": 250.0, 
     "sulphur_fraction": 0.0116, 
     "flash_point_max_k": 250.0, 
     "bullwinkle_time": null, 
     "api": 29.9, 
     "oil_water_interfacial_tension_ref_temp_k": 273.0, 
     "imported_record_id": 486, 
     "pour_point_min_k": 219.0, 
     "id": 353, 
     "estimated_id": 353, 
     "bullwinkle_fraction": 0.303
    }, 
    "density": 1100.0, 
    "sara_type": "Asphaltenes", 
    "ref_temp_k": 1015.0, 
    "id": 5071, 
    "oil_id": 353
   }, 
   {
    "oil": {
     "oil_seawater_interfacial_tension_n_m": null, 
     "oil_seawater_interfacial_tension_ref_temp_k": null, 
     "adhesion_kg_m_2": 0.28, 
     "emulsion_water_fraction_max": 0.9, 
     "pour_point_max_k": 219.0, 
     "name": "ALASKA NORTH SLOPE (MIDDLE PIPELINE)", 
     "oil_water_interfacial_tension_n_m": 0.0238, 
     "soluability": 0.0, 
     "flash_point_min_k": 250.0, 
     "sulphur_fraction": 0.0116, 
     "flash_point_max_k": 250.0, 
     "bullwinkle_time": null, 
     "api": 29.9, 
     "oil_water_interfacial_tension_ref_temp_k": 273.0, 
     "imported_record_id": 486, 
     "pour_point_min_k": 219.0, 
     "id": 353, 
     "estimated_id": 353, 
     "bullwinkle_fraction": 0.303
    }, 
    "density": 1100.0, 
    "sara_type": "Resins", 
    "ref_temp_k": 1015.0, 
    "id": 5072, 
    "oil_id": 353
   }, 
   {
    "oil": {
     "oil_seawater_interfacial_tension_n_m": null, 
     "oil_seawater_interfacial_tension_ref_temp_k": null, 
     "adhesion_kg_m_2": 0.28, 
     "emulsion_water_fraction_max": 0.9, 
     "pour_point_max_k": 219.0, 
     "name": "ALASKA NORTH SLOPE (MIDDLE PIPELINE)", 
     "oil_water_interfacial_tension_n_m": 0.0238, 
     "soluability": 0.0, 
     "flash_point_min_k": 250.0, 
     "sulphur_fraction": 0.0116, 
     "flash_point_max_k": 250.0, 
     "bullwinkle_time": null, 
     "api": 29.9, 
     "oil_water_interfacial_tension_ref_temp_k": 273.0, 
     "imported_record_id": 486, 
     "pour_point_min_k": 219.0, 
     "id": 353, 
     "estimated_id": 353, 
     "bullwinkle_fraction": 0.303
    }, 
    "density": 586.832580809435, 
    "sara_type": "Saturates", 
    "ref_temp_k": 313.0, 
    "id": 5073, 
    "oil_id": 353
   }, 
   {
    "oil": {
     "oil_seawater_interfacial_tension_n_m": null, 
     "oil_seawater_interfacial_tension_ref_temp_k": null, 
     "adhesion_kg_m_2": 0.28, 
     "emulsion_water_fraction_max": 0.9, 
     "pour_point_max_k": 219.0, 
     "name": "ALASKA NORTH SLOPE (MIDDLE PIPELINE)", 
     "oil_water_interfacial_tension_n_m": 0.0238, 
     "soluability": 0.0, 
     "flash_point_min_k": 250.0, 
     "sulphur_fraction": 0.0116, 
     "flash_point_max_k": 250.0, 
     "bullwinkle_time": null, 
     "api": 29.9, 
     "oil_water_interfacial_tension_ref_temp_k": 273.0, 
     "imported_record_id": 486, 
     "pour_point_min_k": 219.0, 
     "id": 353, 
     "estimated_id": 353, 
     "bullwinkle_fraction": 0.303
    }, 
    "density": 610.8356003137033, 
    "sara_type": "Saturates", 
    "ref_temp_k": 353.0, 
    "id": 5074, 
    "oil_id": 353
   }, 
   {
    "oil": {
     "oil_seawater_interfacial_tension_n_m": null, 
     "oil_seawater_interfacial_tension_ref_temp_k": null, 
     "adhesion_kg_m_2": 0.28, 
     "emulsion_water_fraction_max": 0.9, 
     "pour_point_max_k": 219.0, 
     "name": "ALASKA NORTH SLOPE (MIDDLE PIPELINE)", 
     "oil_water_interfacial_tension_n_m": 0.0238, 
     "soluability": 0.0, 
     "flash_point_min_k": 250.0, 
     "sulphur_fraction": 0.0116, 
     "flash_point_max_k": 250.0, 
     "bullwinkle_time": null, 
     "api": 29.9, 
     "oil_water_interfacial_tension_ref_temp_k": 273.0, 
     "imported_record_id": 486, 
     "pour_point_min_k": 219.0, 
     "id": 353, 
     "estimated_id": 353, 
     "bullwinkle_fraction": 0.303
    }, 
    "density": 633.0873299844258, 
    "sara_type": "Saturates", 
    "ref_temp_k": 393.0, 
    "id": 5075, 
    "oil_id": 353
   }, 
   {
    "oil": {
     "oil_seawater_interfacial_tension_n_m": null, 
     "oil_seawater_interfacial_tension_ref_temp_k": null, 
     "adhesion_kg_m_2": 0.28, 
     "emulsion_water_fraction_max": 0.9, 
     "pour_point_max_k": 219.0, 
     "name": "ALASKA NORTH SLOPE (MIDDLE PIPELINE)", 
     "oil_water_interfacial_tension_n_m": 0.0238, 
     "soluability": 0.0, 
     "flash_point_min_k": 250.0, 
     "sulphur_fraction": 0.0116, 
     "flash_point_max_k": 250.0, 
     "bullwinkle_time": null, 
     "api": 29.9, 
     "oil_water_interfacial_tension_ref_temp_k": 273.0, 
     "imported_record_id": 486, 
     "pour_point_min_k": 219.0, 
     "id": 353, 
     "estimated_id": 353, 
     "bullwinkle_fraction": 0.303
    }, 
    "density": 653.8760102655268, 
    "sara_type": "Saturates", 
    "ref_temp_k": 433.0, 
    "id": 5076, 
    "oil_id": 353
   }, 
   {
    "oil": {
     "oil_seawater_interfacial_tension_n_m": null, 
     "oil_seawater_interfacial_tension_ref_temp_k": null, 
     "adhesion_kg_m_2": 0.28, 
     "emulsion_water_fraction_max": 0.9, 
     "pour_point_max_k": 219.0, 
     "name": "ALASKA NORTH SLOPE (MIDDLE PIPELINE)", 
     "oil_water_interfacial_tension_n_m": 0.0238, 
     "soluability": 0.0, 
     "flash_point_min_k": 250.0, 
     "sulphur_fraction": 0.0116, 
     "flash_point_max_k": 250.0, 
     "bullwinkle_time": null, 
     "api": 29.9, 
     "oil_water_interfacial_tension_ref_temp_k": 273.0, 
     "imported_record_id": 486, 
     "pour_point_min_k": 219.0, 
     "id": 353, 
     "estimated_id": 353, 
     "bullwinkle_fraction": 0.303
    }, 
    "density": 673.4207366641332, 
    "sara_type": "Saturates", 
    "ref_temp_k": 473.0, 
    "id": 5077, 
    "oil_id": 353
   }, 
   {
    "oil": {
     "oil_seawater_interfacial_tension_n_m": null, 
     "oil_seawater_interfacial_tension_ref_temp_k": null, 
     "adhesion_kg_m_2": 0.28, 
     "emulsion_water_fraction_max": 0.9, 
     "pour_point_max_k": 219.0, 
     "name": "ALASKA NORTH SLOPE (MIDDLE PIPELINE)", 
     "oil_water_interfacial_tension_n_m": 0.0238, 
     "soluability": 0.0, 
     "flash_point_min_k": 250.0, 
     "sulphur_fraction": 0.0116, 
     "flash_point_max_k": 250.0, 
     "bullwinkle_time": null, 
     "api": 29.9, 
     "oil_water_interfacial_tension_ref_temp_k": 273.0, 
     "imported_record_id": 486, 
     "pour_point_min_k": 219.0, 
     "id": 353, 
     "estimated_id": 353, 
     "bullwinkle_fraction": 0.303
    }, 
    "density": 717.8785538152601, 
    "sara_type": "Saturates", 
    "ref_temp_k": 573.0, 
    "id": 5078, 
    "oil_id": 353
   }, 
   {
    "oil": {
     "oil_seawater_interfacial_tension_n_m": null, 
     "oil_seawater_interfacial_tension_ref_temp_k": null, 
     "adhesion_kg_m_2": 0.28, 
     "emulsion_water_fraction_max": 0.9, 
     "pour_point_max_k": 219.0, 
     "name": "ALASKA NORTH SLOPE (MIDDLE PIPELINE)", 
     "oil_water_interfacial_tension_n_m": 0.0238, 
     "soluability": 0.0, 
     "flash_point_min_k": 250.0, 
     "sulphur_fraction": 0.0116, 
     "flash_point_max_k": 250.0, 
     "bullwinkle_time": null, 
     "api": 29.9, 
     "oil_water_interfacial_tension_ref_temp_k": 273.0, 
     "imported_record_id": 486, 
     "pour_point_min_k": 219.0, 
     "id": 353, 
     "estimated_id": 353, 
     "bullwinkle_fraction": 0.303
    }, 
    "density": 757.4217870352746, 
    "sara_type": "Saturates", 
    "ref_temp_k": 673.0, 
    "id": 5079, 
    "oil_id": 353
   }, 
   {
    "oil": {
     "oil_seawater_interfacial_tension_n_m": null, 
     "oil_seawater_interfacial_tension_ref_temp_k": null, 
     "adhesion_kg_m_2": 0.28, 
     "emulsion_water_fraction_max": 0.9, 
     "pour_point_max_k": 219.0, 
     "name": "ALASKA NORTH SLOPE (MIDDLE PIPELINE)", 
     "oil_water_interfacial_tension_n_m": 0.0238, 
     "soluability": 0.0, 
     "flash_point_min_k": 250.0, 
     "sulphur_fraction": 0.0116, 
     "flash_point_max_k": 250.0, 
     "bullwinkle_time": null, 
     "api": 29.9, 
     "oil_water_interfacial_tension_ref_temp_k": 273.0, 
     "imported_record_id": 486, 
     "pour_point_min_k": 219.0, 
     "id": 353, 
     "estimated_id": 353, 
     "bullwinkle_fraction": 0.303
    }, 
    "density": 793.218077458261, 
    "sara_type": "Saturates", 
    "ref_temp_k": 773.0, 
    "id": 5080, 
    "oil_id": 353
   }, 
   {
    "oil": {
     "oil_seawater_interfacial_tension_n_m": null, 
     "oil_seawater_interfacial_tension_ref_temp_k": null, 
     "adhesion_kg_m_2": 0.28, 
     "emulsion_water_fraction_max": 0.9, 
     "pour_point_max_k": 219.0, 
     "name": "ALASKA NORTH SLOPE (MIDDLE PIPELINE)", 
     "oil_water_interfacial_tension_n_m": 0.0238, 
     "soluability": 0.0, 
     "flash_point_min_k": 250.0, 
     "sulphur_fraction": 0.0116, 
     "flash_point_max_k": 250.0, 
     "bullwinkle_time": null, 
     "api": 29.9, 
     "oil_water_interfacial_tension_ref_temp_k": 273.0, 
     "imported_record_id": 486, 
     "pour_point_min_k": 219.0, 
     "id": 353, 
     "estimated_id": 353, 
     "bullwinkle_fraction": 0.303
    }, 
    "density": 826.0459124138969, 
    "sara_type": "Saturates", 
    "ref_temp_k": 873.0, 
    "id": 5081, 
    "oil_id": 353
   }, 
   {
    "oil": {
     "oil_seawater_interfacial_tension_n_m": null, 
     "oil_seawater_interfacial_tension_ref_temp_k": null, 
     "adhesion_kg_m_2": 0.28, 
     "emulsion_water_fraction_max": 0.9, 
     "pour_point_max_k": 219.0, 
     "name": "ALASKA NORTH SLOPE (MIDDLE PIPELINE)", 
     "oil_water_interfacial_tension_n_m": 0.0238, 
     "soluability": 0.0, 
     "flash_point_min_k": 250.0, 
     "sulphur_fraction": 0.0116, 
     "flash_point_max_k": 250.0, 
     "bullwinkle_time": null, 
     "api": 29.9, 
     "oil_water_interfacial_tension_ref_temp_k": 273.0, 
     "imported_record_id": 486, 
     "pour_point_min_k": 219.0, 
     "id": 353, 
     "estimated_id": 353, 
     "bullwinkle_fraction": 0.303
    }, 
    "density": 856.4533623013274, 
    "sara_type": "Saturates", 
    "ref_temp_k": 973.0, 
    "id": 5082, 
    "oil_id": 353
   }, 
   {
    "oil": {
     "oil_seawater_interfacial_tension_n_m": null, 
     "oil_seawater_interfacial_tension_ref_temp_k": null, 
     "adhesion_kg_m_2": 0.28, 
     "emulsion_water_fraction_max": 0.9, 
     "pour_point_max_k": 219.0, 
     "name": "ALASKA NORTH SLOPE (MIDDLE PIPELINE)", 
     "oil_water_interfacial_tension_n_m": 0.0238, 
     "soluability": 0.0, 
     "flash_point_min_k": 250.0, 
     "sulphur_fraction": 0.0116, 
     "flash_point_max_k": 250.0, 
     "bullwinkle_time": null, 
     "api": 29.9, 
     "oil_water_interfacial_tension_ref_temp_k": 273.0, 
     "imported_record_id": 486, 
     "pour_point_min_k": 219.0, 
     "id": 353, 
     "estimated_id": 353, 
     "bullwinkle_fraction": 0.303
    }, 
    "density": 704.1990969713219, 
    "sara_type": "Aromatics", 
    "ref_temp_k": 313.0, 
    "id": 5083, 
    "oil_id": 353
   }, 
   {
    "oil": {
     "oil_seawater_interfacial_tension_n_m": null, 
     "oil_seawater_interfacial_tension_ref_temp_k": null, 
     "adhesion_kg_m_2": 0.28, 
     "emulsion_water_fraction_max": 0.9, 
     "pour_point_max_k": 219.0, 
     "name": "ALASKA NORTH SLOPE (MIDDLE PIPELINE)", 
     "oil_water_interfacial_tension_n_m": 0.0238, 
     "soluability": 0.0, 
     "flash_point_min_k": 250.0, 
     "sulphur_fraction": 0.0116, 
     "flash_point_max_k": 250.0, 
     "bullwinkle_time": null, 
     "api": 29.9, 
     "oil_water_interfacial_tension_ref_temp_k": 273.0, 
     "imported_record_id": 486, 
     "pour_point_min_k": 219.0, 
     "id": 353, 
     "estimated_id": 353, 
     "bullwinkle_fraction": 0.303
    }, 
    "density": 733.002720376444, 
    "sara_type": "Aromatics", 
    "ref_temp_k": 353.0, 
    "id": 5084, 
    "oil_id": 353
   }, 
   {
    "oil": {
     "oil_seawater_interfacial_tension_n_m": null, 
     "oil_seawater_interfacial_tension_ref_temp_k": null, 
     "adhesion_kg_m_2": 0.28, 
     "emulsion_water_fraction_max": 0.9, 
     "pour_point_max_k": 219.0, 
     "name": "ALASKA NORTH SLOPE (MIDDLE PIPELINE)", 
     "oil_water_interfacial_tension_n_m": 0.0238, 
     "soluability": 0.0, 
     "flash_point_min_k": 250.0, 
     "sulphur_fraction": 0.0116, 
     "flash_point_max_k": 250.0, 
     "bullwinkle_time": null, 
     "api": 29.9, 
     "oil_water_interfacial_tension_ref_temp_k": 273.0, 
     "imported_record_id": 486, 
     "pour_point_min_k": 219.0, 
     "id": 353, 
     "estimated_id": 353, 
     "bullwinkle_fraction": 0.303
    }, 
    "density": 759.7047959813109, 
    "sara_type": "Aromatics", 
    "ref_temp_k": 393.0, 
    "id": 5085, 
    "oil_id": 353
   }, 
   {
    "oil": {
     "oil_seawater_interfacial_tension_n_m": null, 
     "oil_seawater_interfacial_tension_ref_temp_k": null, 
     "adhesion_kg_m_2": 0.28, 
     "emulsion_water_fraction_max": 0.9, 
     "pour_point_max_k": 219.0, 
     "name": "ALASKA NORTH SLOPE (MIDDLE PIPELINE)", 
     "oil_water_interfacial_tension_n_m": 0.0238, 
     "soluability": 0.0, 
     "flash_point_min_k": 250.0, 
     "sulphur_fraction": 0.0116, 
     "flash_point_max_k": 250.0, 
     "bullwinkle_time": null, 
     "api": 29.9, 
     "oil_water_interfacial_tension_ref_temp_k": 273.0, 
     "imported_record_id": 486, 
     "pour_point_min_k": 219.0, 
     "id": 353, 
     "estimated_id": 353, 
     "bullwinkle_fraction": 0.303
    }, 
    "density": 784.6512123186321, 
    "sara_type": "Aromatics", 
    "ref_temp_k": 433.0, 
    "id": 5086, 
    "oil_id": 353
   }, 
   {
    "oil": {
     "oil_seawater_interfacial_tension_n_m": null, 
     "oil_seawater_interfacial_tension_ref_temp_k": null, 
     "adhesion_kg_m_2": 0.28, 
     "emulsion_water_fraction_max": 0.9, 
     "pour_point_max_k": 219.0, 
     "name": "ALASKA NORTH SLOPE (MIDDLE PIPELINE)", 
     "oil_water_interfacial_tension_n_m": 0.0238, 
     "soluability": 0.0, 
     "flash_point_min_k": 250.0, 
     "sulphur_fraction": 0.0116, 
     "flash_point_max_k": 250.0, 
     "bullwinkle_time": null, 
     "api": 29.9, 
     "oil_water_interfacial_tension_ref_temp_k": 273.0, 
     "imported_record_id": 486, 
     "pour_point_min_k": 219.0, 
     "id": 353, 
     "estimated_id": 353, 
     "bullwinkle_fraction": 0.303
    }, 
    "density": 808.1048839969599, 
    "sara_type": "Aromatics", 
    "ref_temp_k": 473.0, 
    "id": 5087, 
    "oil_id": 353
   }, 
   {
    "oil": {
     "oil_seawater_interfacial_tension_n_m": null, 
     "oil_seawater_interfacial_tension_ref_temp_k": null, 
     "adhesion_kg_m_2": 0.28, 
     "emulsion_water_fraction_max": 0.9, 
     "pour_point_max_k": 219.0, 
     "name": "ALASKA NORTH SLOPE (MIDDLE PIPELINE)", 
     "oil_water_interfacial_tension_n_m": 0.0238, 
     "soluability": 0.0, 
     "flash_point_min_k": 250.0, 
     "sulphur_fraction": 0.0116, 
     "flash_point_max_k": 250.0, 
     "bullwinkle_time": null, 
     "api": 29.9, 
     "oil_water_interfacial_tension_ref_temp_k": 273.0, 
     "imported_record_id": 486, 
     "pour_point_min_k": 219.0, 
     "id": 353, 
     "estimated_id": 353, 
     "bullwinkle_fraction": 0.303
    }, 
    "density": 861.4542645783122, 
    "sara_type": "Aromatics", 
    "ref_temp_k": 573.0, 
    "id": 5088, 
    "oil_id": 353
   }, 
   {
    "oil": {
     "oil_seawater_interfacial_tension_n_m": null, 
     "oil_seawater_interfacial_tension_ref_temp_k": null, 
     "adhesion_kg_m_2": 0.28, 
     "emulsion_water_fraction_max": 0.9, 
     "pour_point_max_k": 219.0, 
     "name": "ALASKA NORTH SLOPE (MIDDLE PIPELINE)", 
     "oil_water_interfacial_tension_n_m": 0.0238, 
     "soluability": 0.0, 
     "flash_point_min_k": 250.0, 
     "sulphur_fraction": 0.0116, 
     "flash_point_max_k": 250.0, 
     "bullwinkle_time": null, 
     "api": 29.9, 
     "oil_water_interfacial_tension_ref_temp_k": 273.0, 
     "imported_record_id": 486, 
     "pour_point_min_k": 219.0, 
     "id": 353, 
     "estimated_id": 353, 
     "bullwinkle_fraction": 0.303
    }, 
    "density": 908.9061444423295, 
    "sara_type": "Aromatics", 
    "ref_temp_k": 673.0, 
    "id": 5089, 
    "oil_id": 353
   }, 
   {
    "oil": {
     "oil_seawater_interfacial_tension_n_m": null, 
     "oil_seawater_interfacial_tension_ref_temp_k": null, 
     "adhesion_kg_m_2": 0.28, 
     "emulsion_water_fraction_max": 0.9, 
     "pour_point_max_k": 219.0, 
     "name": "ALASKA NORTH SLOPE (MIDDLE PIPELINE)", 
     "oil_water_interfacial_tension_n_m": 0.0238, 
     "soluability": 0.0, 
     "flash_point_min_k": 250.0, 
     "sulphur_fraction": 0.0116, 
     "flash_point_max_k": 250.0, 
     "bullwinkle_time": null, 
     "api": 29.9, 
     "oil_water_interfacial_tension_ref_temp_k": 273.0, 
     "imported_record_id": 486, 
     "pour_point_min_k": 219.0, 
     "id": 353, 
     "estimated_id": 353, 
     "bullwinkle_fraction": 0.303
    }, 
    "density": 951.8616929499133, 
    "sara_type": "Aromatics", 
    "ref_temp_k": 773.0, 
    "id": 5090, 
    "oil_id": 353
   }, 
   {
    "oil": {
     "oil_seawater_interfacial_tension_n_m": null, 
     "oil_seawater_interfacial_tension_ref_temp_k": null, 
     "adhesion_kg_m_2": 0.28, 
     "emulsion_water_fraction_max": 0.9, 
     "pour_point_max_k": 219.0, 
     "name": "ALASKA NORTH SLOPE (MIDDLE PIPELINE)", 
     "oil_water_interfacial_tension_n_m": 0.0238, 
     "soluability": 0.0, 
     "flash_point_min_k": 250.0, 
     "sulphur_fraction": 0.0116, 
     "flash_point_max_k": 250.0, 
     "bullwinkle_time": null, 
     "api": 29.9, 
     "oil_water_interfacial_tension_ref_temp_k": 273.0, 
     "imported_record_id": 486, 
     "pour_point_min_k": 219.0, 
     "id": 353, 
     "estimated_id": 353, 
     "bullwinkle_fraction": 0.303
    }, 
    "density": 991.2550948966762, 
    "sara_type": "Aromatics", 
    "ref_temp_k": 873.0, 
    "id": 5091, 
    "oil_id": 353
   }, 
   {
    "oil": {
     "oil_seawater_interfacial_tension_n_m": null, 
     "oil_seawater_interfacial_tension_ref_temp_k": null, 
     "adhesion_kg_m_2": 0.28, 
     "emulsion_water_fraction_max": 0.9, 
     "pour_point_max_k": 219.0, 
     "name": "ALASKA NORTH SLOPE (MIDDLE PIPELINE)", 
     "oil_water_interfacial_tension_n_m": 0.0238, 
     "soluability": 0.0, 
     "flash_point_min_k": 250.0, 
     "sulphur_fraction": 0.0116, 
     "flash_point_max_k": 250.0, 
     "bullwinkle_time": null, 
     "api": 29.9, 
     "oil_water_interfacial_tension_ref_temp_k": 273.0, 
     "imported_record_id": 486, 
     "pour_point_min_k": 219.0, 
     "id": 353, 
     "estimated_id": 353, 
     "bullwinkle_fraction": 0.303
    }, 
    "density": 1027.744034761593, 
    "sara_type": "Aromatics", 
    "ref_temp_k": 973.0, 
    "id": 5092, 
    "oil_id": 353
   }
  ], 
  "estimated_id": 353, 
  "densities": [
   {
    "ref_temp_k": 273.0, 
    "oil_id": 353, 
    "kg_m_3": 887.0, 
    "imported_record_id": 486, 
    "id": 88, 
    "weathering": 0.0
   }, 
   {
    "ref_temp_k": 288.0, 
    "oil_id": 353, 
    "kg_m_3": 876.0, 
    "imported_record_id": 486, 
    "id": 89, 
    "weathering": 0.0
   }
  ], 
  "name": "ALASKA NORTH SLOPE (MIDDLE PIPELINE)", 
  "sara_fractions": [
   {
    "sara_type": "Resins", 
    "ref_temp_k": 1015.0, 
    "fraction": 0.07562177555384551, 
    "id": 5055, 
    "oil_id": 353
   }, 
   {
    "sara_type": "Asphaltenes", 
    "ref_temp_k": 1015.0, 
    "fraction": 0.016287321129049806, 
    "id": 5056, 
    "oil_id": 353
   }, 
   {
    "sara_type": "Saturates", 
    "ref_temp_k": 313.0, 
    "fraction": 0.0147634532332906, 
    "id": 5057, 
    "oil_id": 353
   }, 
   {
    "sara_type": "Aromatics", 
    "ref_temp_k": 313.0, 
    "fraction": 0.0152365467667094, 
    "id": 5058, 
    "oil_id": 353
   }, 
   {
    "sara_type": "Saturates", 
    "ref_temp_k": 353.0, 
    "fraction": 0.011437523613440248, 
    "id": 5059, 
    "oil_id": 353
   }, 
   {
    "sara_type": "Aromatics", 
    "ref_temp_k": 353.0, 
    "fraction": 0.02856247638655976, 
    "id": 5060, 
    "oil_id": 353
   }, 
   {
    "sara_type": "Saturates", 
    "ref_temp_k": 393.0, 
    "fraction": 0.003713332652193215, 
    "id": 5061, 
    "oil_id": 353
   }, 
   {
    "sara_type": "Aromatics", 
    "ref_temp_k": 393.0, 
    "fraction": 0.05628666734780678, 
    "id": 5062, 
    "oil_id": 353
   }, 
   {
    "sara_type": "Saturates", 
    "ref_temp_k": 433.0, 
    "fraction": 0.0, 
    "id": 5063, 
    "oil_id": 353
   }, 
   {
    "sara_type": "Aromatics", 
    "ref_temp_k": 433.0, 
    "fraction": 0.06, 
    "id": 5064, 
    "oil_id": 353
   }, 
   {
    "sara_type": "Saturates", 
    "ref_temp_k": 473.0, 
    "fraction": 0.0, 
    "id": 5065, 
    "oil_id": 353
   }, 
   {
    "sara_type": "Aromatics", 
    "ref_temp_k": 473.0, 
    "fraction": 0.06, 
    "id": 5066, 
    "oil_id": 353
   }, 
   {
    "sara_type": "Saturates", 
    "ref_temp_k": 573.0, 
    "fraction": 0.08499999999999999, 
    "id": 5067, 
    "oil_id": 353
   }, 
   {
    "sara_type": "Aromatics", 
    "ref_temp_k": 573.0, 
    "fraction": 0.08499999999999999, 
    "id": 5068, 
    "oil_id": 353
   }, 
   {
    "sara_type": "Saturates", 
    "ref_temp_k": 673.0, 
    "fraction": 0.09, 
    "id": 5069, 
    "oil_id": 353
   }, 
   {
    "sara_type": "Aromatics", 
    "ref_temp_k": 673.0, 
    "fraction": 0.09, 
    "id": 5070, 
    "oil_id": 353
   }, 
   {
    "sara_type": "Saturates", 
    "ref_temp_k": 773.0, 
    "fraction": 0.08000000000000002, 
    "id": 5071, 
    "oil_id": 353
   }, 
   {
    "sara_type": "Aromatics", 
    "ref_temp_k": 773.0, 
    "fraction": 0.08000000000000002, 
    "id": 5072, 
    "oil_id": 353
   }, 
   {
    "sara_type": "Saturates", 
    "ref_temp_k": 873.0, 
    "fraction": 0.06, 
    "id": 5073, 
    "oil_id": 353
   }, 
   {
    "sara_type": "Aromatics", 
    "ref_temp_k": 873.0, 
    "fraction": 0.06, 
    "id": 5074, 
    "oil_id": 353
   }, 
   {
    "sara_type": "Saturates", 
    "ref_temp_k": 973.0, 
    "fraction": 0.014045451658552309, 
    "id": 5075, 
    "oil_id": 353
   }, 
   {
    "sara_type": "Aromatics", 
    "ref_temp_k": 973.0, 
    "fraction": 0.014045451658552309, 
    "id": 5076, 
    "oil_id": 353
   }
  ], 
  "kvis": [
   {
    "m_2_s": 3.833145434047351e-05, 
    "ref_temp_k": 273.0, 
    "oil_id": 353, 
    "imported_record_id": null, 
    "id": 1476, 
    "weathering": 0.0
   }, 
   {
    "m_2_s": 1.8264840182648402e-05, 
    "ref_temp_k": 288.0, 
    "oil_id": 353, 
    "imported_record_id": null, 
    "id": 1477, 
    "weathering": 0.0
   }
  ], 
  "oil_water_interfacial_tension_ref_temp_k": 273.0, 
  "imported_record_id": 486
 }
}