{
 "obj_type": "gnome.spill.elements.element_type.ElementType", 
 "substance": {
  "resins_fraction": 0.07702868943349717, 
  "saturates_fraction": null, 
  "bullwinkle_time": null, 
  "api": 29.9, 
  "molecular_weights": [
   {
    "sara_type": "Saturates", 
    "g_mol": 73.68357055970264, 
    "ref_temp_k": 313.0
   }, 
   {
    "sara_type": "Aromatics", 
    "g_mol": 63.07203818161141, 
    "ref_temp_k": 313.0
   }, 
   {
    "sara_type": "Saturates", 
    "g_mol": 91.28590469084087, 
    "ref_temp_k": 353.0
   }, 
   {
    "sara_type": "Aromatics", 
    "g_mol": 79.28575654300448, 
    "ref_temp_k": 353.0
   }, 
   {
    "sara_type": "Saturates", 
    "g_mol": 111.21782045593451, 
    "ref_temp_k": 393.0
   }, 
   {
    "sara_type": "Aromatics", 
    "g_mol": 97.81363430554806, 
    "ref_temp_k": 393.0
   }, 
   {
    "sara_type": "Saturates", 
    "g_mol": 133.75142397284813, 
    "ref_temp_k": 433.0
   }, 
   {
    "sara_type": "Aromatics", 
    "g_mol": 118.95282475816097, 
    "ref_temp_k": 433.0
   }, 
   {
    "sara_type": "Saturates", 
    "g_mol": 159.22349825764528, 
    "ref_temp_k": 473.0
   }, 
   {
    "sara_type": "Aromatics", 
    "g_mol": 143.07734277976434, 
    "ref_temp_k": 473.0
   }, 
   {
    "sara_type": "Saturates", 
    "g_mol": 238.776174385486, 
    "ref_temp_k": 573.0
   }, 
   {
    "sara_type": "Aromatics", 
    "g_mol": 219.89701740947635, 
    "ref_temp_k": 573.0
   }, 
   {
    "sara_type": "Saturates", 
    "g_mol": 349.8842273437913, 
    "ref_temp_k": 673.0
   }, 
   {
    "sara_type": "Aromatics", 
    "g_mol": 330.95381724488277, 
    "ref_temp_k": 673.0
   }, 
   {
    "sara_type": "Saturates", 
    "g_mol": 512.9196274962972, 
    "ref_temp_k": 773.0
   }, 
   {
    "sara_type": "Aromatics", 
    "g_mol": 502.8745784181198, 
    "ref_temp_k": 773.0
   }, 
   {
    "sara_type": "Saturates", 
    "g_mol": 776.4793160510156, 
    "ref_temp_k": 873.0
   }, 
   {
    "sara_type": "Aromatics", 
    "g_mol": 810.9321338867865, 
    "ref_temp_k": 873.0
   }, 
   {
    "sara_type": "Saturates", 
    "g_mol": 1309.47584568329, 
    "ref_temp_k": 973.0
   }, 
   {
    "sara_type": "Aromatics", 
    "g_mol": 1677.2879705369483, 
    "ref_temp_k": 973.0
   }
  ], 
  "cuts": [
   {
    "vapor_temp_k": 313.0, 
    "liquid_temp_k": null, 
    "fraction": 0.03
   }, 
   {
    "vapor_temp_k": 353.0, 
    "liquid_temp_k": null, 
    "fraction": 0.07
   }, 
   {
    "vapor_temp_k": 393.0, 
    "liquid_temp_k": null, 
    "fraction": 0.13
   }, 
   {
    "vapor_temp_k": 433.0, 
    "liquid_temp_k": null, 
    "fraction": 0.19
   }, 
   {
    "vapor_temp_k": 473.0, 
    "liquid_temp_k": null, 
    "fraction": 0.25
   }, 
   {
    "vapor_temp_k": 573.0, 
    "liquid_temp_k": null, 
    "fraction": 0.42
   }, 
   {
    "vapor_temp_k": 673.0, 
    "liquid_temp_k": null, 
    "fraction": 0.6
   }, 
   {
    "vapor_temp_k": 773.0, 
    "liquid_temp_k": null, 
    "fraction": 0.76
   }, 
   {
    "vapor_temp_k": 873.0, 
    "liquid_temp_k": null, 
    "fraction": 0.88
   }, 
   {
    "vapor_temp_k": 973.0, 
    "liquid_temp_k": null, 
    "fraction": 0.95
   }
  ], 
  "pour_point_min_k": 219.0, 
  "id": null, 
  "oil_seawater_interfacial_tension_ref_temp_k": 273.0, 
  "sulphur_fraction": 0.0116, 
  "oil_water_interfacial_tension_n_m": 0.0238, 
  "adios_oil_id": "AD01759", 
  "asphaltenes_fraction": 0.017311103437759573, 
  "flash_point_max_k": 250.0, 
  "categories": [], 
  "aromatics_fraction": null, 
  "adhesion_kg_m_2": 0.28, 
  "benzene_fraction": null, 
  "bullwinkle_fraction": 0.19372352424621053, 
  "flash_point_min_k": 250.0, 
  "pour_point_max_k": 219.0, 
  "oil_seawater_interfacial_tension_n_m": 0.0, 
  "vanadium_ppm": null, 
  "sara_densities": [
   {
    "density": 1100.0, 
    "sara_type": "Asphaltenes", 
    "ref_temp_k": 1015.0
   }, 
   {
    "density": 1100.0, 
    "sara_type": "Resins", 
    "ref_temp_k": 1015.0
   }, 
   {
    "density": 586.832580809435, 
    "sara_type": "Saturates", 
    "ref_temp_k": 313.0
   }, 
   {
    "density": 610.8356003137033, 
    "sara_type": "Saturates", 
    "ref_temp_k": 353.0
   }, 
   {
    "density": 633.0873299844258, 
    "sara_type": "Saturates", 
    "ref_temp_k": 393.0
   }, 
   {
    "density": 653.8760102655268, 
    "sara_type": "Saturates", 
    "ref_temp_k": 433.0
   }, 
   {
    "density": 673.4207366641332, 
    "sara_type": "Saturates", 
    "ref_temp_k": 473.0
   }, 
   {
    "density": 717.8785538152601, 
    "sara_type": "Saturates", 
    "ref_temp_k": 573.0
   }, 
   {
    "density": 757.4217870352746, 
    "sara_type": "Saturates", 
    "ref_temp_k": 673.0
   }, 
   {
    "density": 793.218077458261, 
    "sara_type": "Saturates", 
    "ref_temp_k": 773.0
   }, 
   {
    "density": 826.0459124138969, 
    "sara_type": "Saturates", 
    "ref_temp_k": 873.0
   }, 
   {
    "density": 856.4533623013274, 
    "sara_type": "Saturates", 
    "ref_temp_k": 973.0
   }, 
   {
    "density": 704.1990969713219, 
    "sara_type": "Aromatics", 
    "ref_temp_k": 313.0
   }, 
   {
    "density": 733.002720376444, 
    "sara_type": "Aromatics", 
    "ref_temp_k": 353.0
   }, 
   {
    "density": 759.7047959813109, 
    "sara_type": "Aromatics", 
    "ref_temp_k": 393.0
   }, 
   {
    "density": 784.6512123186321, 
    "sara_type": "Aromatics", 
    "ref_temp_k": 433.0
   }, 
   {
    "density": 808.1048839969599, 
    "sara_type": "Aromatics", 
    "ref_temp_k": 473.0
   }, 
   {
    "density": 861.4542645783122, 
    "sara_type": "Aromatics", 
    "ref_temp_k": 573.0
   }, 
   {
    "density": 908.9061444423295, 
    "sara_type": "Aromatics", 
    "ref_temp_k": 673.0
   }, 
   {
    "density": 951.8616929499133, 
    "sara_type": "Aromatics", 
    "ref_temp_k": 773.0
   }, 
   {
    "density": 991.2550948966762, 
    "sara_type": "Aromatics", 
    "ref_temp_k": 873.0
   }, 
   {
    "density": 1027.744034761593, 
    "sara_type": "Aromatics", 
    "ref_temp_k": 973.0
   }
  ], 
  "emulsion_water_fraction_max": 0.9, 
  "solubility": null, 
  "paraffins_fraction": null, 
  "product_type": null, 
  "quality_index": null, 
  "polars_fraction": null, 
  "densities": [
   {
    "ref_temp_k": 273.0, 
    "kg_m_3": 887.0, 
    "weathering": 0.0
   }, 
   {
    "ref_temp_k": 288.0, 
    "kg_m_3": 876.0, 
    "weathering": 0.0
   }
  ], 
  "nickel_ppm": null, 
  "name": "ALASKA NORTH SLOPE (MIDDLE PIPELINE)", 
  "naphthenes_fraction": null, 
  "sara_fractions": [
   {
    "sara_type": "Resins", 
    "ref_temp_k": 1015.0, 
    "fraction": 0.07562177555384551
   }, 
   {
    "sara_type": "Asphaltenes", 
    "ref_temp_k": 1015.0, 
    "fraction": 0.016287321129049806
   }, 
   {
    "sara_type": "Saturates", 
    "ref_temp_k": 313.0, 
    "fraction": 0.0147634532332906
   }, 
   {
    "sara_type": "Aromatics", 
    "ref_temp_k": 313.0, 
    "fraction": 0.0152365467667094
   }, 
   {
    "sara_type": "Saturates", 
    "ref_temp_k": 353.0, 
    "fraction": 0.011437523613440248
   }, 
   {
    "sara_type": "Aromatics", 
    "ref_temp_k": 353.0, 
    "fraction": 0.02856247638655976
   }, 
   {
    "sara_type": "Saturates", 
    "ref_temp_k": 393.0, 
    "fraction": 0.003713332652193215
   }, 
   {
    "sara_type": "Aromatics", 
    "ref_temp_k": 393.0, 
    "fraction": 0.05628666734780678
   }, 
   {
    "sara_type": "Saturates", 
    "ref_temp_k": 433.0, 
    "fraction": 0.0
   }, 
   {
    "sara_type": "Aromatics", 
    "ref_temp_k": 433.0, 
    "fraction": 0.06
   }, 
   {
    "sara_type": "Saturates", 
    "ref_temp_k": 473.0, 
    "fraction": 0.0
   }, 
   {
    "sara_type": "Aromatics", 
    "ref_temp_k": 473.0, 
    "fraction": 0.06
   }, 
   {
    "sara_type": "Saturates", 
    "ref_temp_k": 573.0, 
    "fraction": 0.08499999999999999
   }, 
   {
    "sara_type": "Aromatics", 
    "ref_temp_k": 573.0, 
    "fraction": 0.08499999999999999
   }, 
   {
    "sara_type": "Saturates", 
    "ref_temp_k": 673.0, 
    "fraction": 0.09
   }, 
   {
    "sara_type": "Aromatics", 
    "ref_temp_k": 673.0, 
    "fraction": 0.09
   }, 
   {
    "sara_type": "Saturates", 
    "ref_temp_k": 773.0, 
    "fraction": 0.08000000000000002
   }, 
   {
    "sara_type": "Aromatics", 
    "ref_temp_k": 773.0, 
    "fraction": 0.08000000000000002
   }, 
   {
    "sara_type": "Saturates", 
    "ref_temp_k": 873.0, 
    "fraction": 0.06
   }, 
   {
    "sara_type": "Aromatics", 
    "ref_temp_k": 873.0, 
    "fraction": 0.06
   }, 
   {
    "sara_type": "Saturates", 
    "ref_temp_k": 973.0, 
    "fraction": 0.014045451658552309
   }, 
   {
    "sara_type": "Aromatics", 
    "ref_temp_k": 973.0, 
    "fraction": 0.014045451658552309
   }
  ], 
  "kvis": [
   {
    "m_2_s": 3.833145434047351e-05, 
    "ref_temp_k": 273.0, 
    "weathering": 0.0
   }, 
   {
    "m_2_s": 1.8264840182648402e-05, 
    "ref_temp_k": 288.0, 
    "weathering": 0.0
   }
  ], 
  "k0y": 2.02e-06, 
  "oil_water_interfacial_tension_ref_temp_k": 273.0, 
  "wax_content_fraction": null
 }, 
 "name": "ElementType", 
 "standard_density": 875.8948926128866, 
 "initializers": [
  {
   "windage_range": [
    0.01, 
    0.04
   ], 
   "json_": "save", 
   "obj_type": "gnome.spill.elements.initializers.InitWindages", 
   "name": "windages", 
   "windage_persist": 900
  }
 ], 
 "json_": "save"
}