{
 "obj_type": "gnome.spill.elements.element_type.ElementType", 
 "substance": {
  "resins_fraction": 0.07662163954812706, 
  "saturates_fraction": null, 
  "bullwinkle_time": null, 
  "api": 29.9, 
  "molecular_weights": [
   {
    "sara_type": "Saturates", 
    "g_mol": 73.745515, 
    "ref_temp_k": 313.15
   }, 
   {
    "sara_type": "Aromatics", 
    "g_mol": 63.128827, 
    "ref_temp_k": 313.15
   }, 
   {
    "sara_type": "Saturates", 
    "g_mol": 91.356145, 
    "ref_temp_k": 353.15
   }, 
   {
    "sara_type": "Aromatics", 
    "g_mol": 79.350748, 
    "ref_temp_k": 353.15
   }, 
   {
    "sara_type": "Saturates", 
    "g_mol": 111.29727, 
    "ref_temp_k": 393.15
   }, 
   {
    "sara_type": "Aromatics", 
    "g_mol": 97.887821, 
    "ref_temp_k": 393.15
   }, 
   {
    "sara_type": "Saturates", 
    "g_mol": 133.84122, 
    "ref_temp_k": 433.15
   }, 
   {
    "sara_type": "Aromatics", 
    "g_mol": 119.03745, 
    "ref_temp_k": 433.15
   }, 
   {
    "sara_type": "Saturates", 
    "g_mol": 159.32505, 
    "ref_temp_k": 473.15
   }, 
   {
    "sara_type": "Aromatics", 
    "g_mol": 143.17399, 
    "ref_temp_k": 473.15
   }, 
   {
    "sara_type": "Saturates", 
    "g_mol": 238.9158, 
    "ref_temp_k": 573.15
   }, 
   {
    "sara_type": "Aromatics", 
    "g_mol": 220.03378, 
    "ref_temp_k": 573.15
   }, 
   {
    "sara_type": "Saturates", 
    "g_mol": 350.08277, 
    "ref_temp_k": 673.15
   }, 
   {
    "sara_type": "Aromatics", 
    "g_mol": 331.15639, 
    "ref_temp_k": 673.15
   }, 
   {
    "sara_type": "Saturates", 
    "g_mol": 513.22113, 
    "ref_temp_k": 773.15
   }, 
   {
    "sara_type": "Aromatics", 
    "g_mol": 503.20373, 
    "ref_temp_k": 773.15
   }, 
   {
    "sara_type": "Saturates", 
    "g_mol": 777.0013, 
    "ref_temp_k": 873.15
   }, 
   {
    "sara_type": "Aromatics", 
    "g_mol": 811.5901, 
    "ref_temp_k": 873.15
   }, 
   {
    "sara_type": "Saturates", 
    "g_mol": 1310.7383, 
    "ref_temp_k": 973.15
   }, 
   {
    "sara_type": "Aromatics", 
    "g_mol": 1680.1263, 
    "ref_temp_k": 973.15
   }
  ], 
  "cuts": [
   {
    "vapor_temp_k": 313.15, 
    "liquid_temp_k": null, 
    "fraction": 0.03
   }, 
   {
    "vapor_temp_k": 353.15, 
    "liquid_temp_k": null, 
    "fraction": 0.07
   }, 
   {
    "vapor_temp_k": 393.15, 
    "liquid_temp_k": null, 
    "fraction": 0.13
   }, 
   {
    "vapor_temp_k": 433.15, 
    "liquid_temp_k": null, 
    "fraction": 0.19
   }, 
   {
    "vapor_temp_k": 473.15, 
    "liquid_temp_k": null, 
    "fraction": 0.25
   }, 
   {
    "vapor_temp_k": 573.15, 
    "liquid_temp_k": null, 
    "fraction": 0.42
   }, 
   {
    "vapor_temp_k": 673.15, 
    "liquid_temp_k": null, 
    "fraction": 0.6
   }, 
   {
    "vapor_temp_k": 773.15, 
    "liquid_temp_k": null, 
    "fraction": 0.76
   }, 
   {
    "vapor_temp_k": 873.15, 
    "liquid_temp_k": null, 
    "fraction": 0.88
   }, 
   {
    "vapor_temp_k": 973.15, 
    "liquid_temp_k": null, 
    "fraction": 0.95
   }
  ], 
  "pour_point_min_k": 219.15, 
  "id": null, 
  "oil_seawater_interfacial_tension_ref_temp_k": 273.15, 
  "sulphur_fraction": 0.0116, 
  "oil_water_interfacial_tension_n_m": 0.0238, 
  "adios_oil_id": "AD01759", 
  "asphaltenes_fraction": 0.016977762654855066, 
  "flash_point_max_k": 250.15, 
  "categories": [
   {
    "name": "Medium", 
    "parent": {
     "parent_id": null, 
     "id": null, 
     "name": "Crude"
    }, 
    "id": null, 
    "parent_id": null, 
    "children": []
   }
  ], 
  "aromatics_fraction": null, 
  "adhesion_kg_m_2": 0.28, 
  "benzene_fraction": null, 
  "bullwinkle_fraction": 0.1937235, 
  "flash_point_min_k": 250.15, 
  "pour_point_max_k": 219.15, 
  "oil_seawater_interfacial_tension_n_m": 0.0, 
  "vanadium_ppm": null, 
  "sara_densities": [
   {
    "density": 1100.0, 
    "sara_type": "Asphaltenes", 
    "ref_temp_k": 1015.0
   }, 
   {
    "density": 1100.0, 
    "sara_type": "Resins", 
    "ref_temp_k": 1015.0
   }, 
   {
    "density": 587.197919, 
    "sara_type": "Saturates", 
    "ref_temp_k": 313.15
   }, 
   {
    "density": 611.204823, 
    "sara_type": "Saturates", 
    "ref_temp_k": 353.15
   }, 
   {
    "density": 633.460874, 
    "sara_type": "Saturates", 
    "ref_temp_k": 393.15
   }, 
   {
    "density": 654.254134, 
    "sara_type": "Saturates", 
    "ref_temp_k": 433.15
   }, 
   {
    "density": 673.803585, 
    "sara_type": "Saturates", 
    "ref_temp_k": 473.15
   }, 
   {
    "density": 718.27343, 
    "sara_type": "Saturates", 
    "ref_temp_k": 573.15
   }, 
   {
    "density": 757.82859, 
    "sara_type": "Saturates", 
    "ref_temp_k": 673.15
   }, 
   {
    "density": 793.63648, 
    "sara_type": "Saturates", 
    "ref_temp_k": 773.15
   }, 
   {
    "density": 826.475509, 
    "sara_type": "Saturates", 
    "ref_temp_k": 873.15
   }, 
   {
    "density": 856.89373, 
    "sara_type": "Saturates", 
    "ref_temp_k": 973.15
   }, 
   {
    "density": 704.637503, 
    "sara_type": "Aromatics", 
    "ref_temp_k": 313.15
   }, 
   {
    "density": 733.445788, 
    "sara_type": "Aromatics", 
    "ref_temp_k": 353.15
   }, 
   {
    "density": 760.153049, 
    "sara_type": "Aromatics", 
    "ref_temp_k": 393.15
   }, 
   {
    "density": 785.104961, 
    "sara_type": "Aromatics", 
    "ref_temp_k": 433.15
   }, 
   {
    "density": 808.564302, 
    "sara_type": "Aromatics", 
    "ref_temp_k": 473.15
   }, 
   {
    "density": 861.928116, 
    "sara_type": "Aromatics", 
    "ref_temp_k": 573.15
   }, 
   {
    "density": 909.394309, 
    "sara_type": "Aromatics", 
    "ref_temp_k": 673.15
   }, 
   {
    "density": 952.363777, 
    "sara_type": "Aromatics", 
    "ref_temp_k": 773.15
   }, 
   {
    "density": 991.770611, 
    "sara_type": "Aromatics", 
    "ref_temp_k": 873.15
   }, 
   {
    "density": 1028.27248, 
    "sara_type": "Aromatics", 
    "ref_temp_k": 973.15
   }
  ], 
  "emulsion_water_fraction_max": 0.9, 
  "solubility": 0.0, 
  "paraffins_fraction": null, 
  "product_type": null, 
  "quality_index": null, 
  "polars_fraction": null, 
  "densities": [
   {
    "ref_temp_k": 273.15, 
    "kg_m_3": 886.9, 
    "weathering": 0.0
   }, 
   {
    "ref_temp_k": 288.15, 
    "kg_m_3": 876.1, 
    "weathering": 0.0
   }
  ], 
  "nickel_ppm": null, 
  "name": "oil_ans_mp", 
  "naphthenes_fraction": null, 
  "sara_fractions": [
   {
    "sara_type": "Resins", 
    "ref_temp_k": 1015.0, 
    "fraction": 0.0766216
   }, 
   {
    "sara_type": "Asphaltenes", 
    "ref_temp_k": 1015.0, 
    "fraction": 0.0169778
   }, 
   {
    "sara_type": "Saturates", 
    "ref_temp_k": 313.15, 
    "fraction": 0.0147412
   }, 
   {
    "sara_type": "Aromatics", 
    "ref_temp_k": 313.15, 
    "fraction": 0.0152588
   }, 
   {
    "sara_type": "Saturates", 
    "ref_temp_k": 353.15, 
    "fraction": 0.0114053
   }, 
   {
    "sara_type": "Aromatics", 
    "ref_temp_k": 353.15, 
    "fraction": 0.0285947
   }, 
   {
    "sara_type": "Saturates", 
    "ref_temp_k": 393.15, 
    "fraction": 0.0036607
   }, 
   {
    "sara_type": "Aromatics", 
    "ref_temp_k": 393.15, 
    "fraction": 0.0563393
   }, 
   {
    "sara_type": "Saturates", 
    "ref_temp_k": 433.15, 
    "fraction": 0.0
   }, 
   {
    "sara_type": "Aromatics", 
    "ref_temp_k": 433.15, 
    "fraction": 0.06
   }, 
   {
    "sara_type": "Saturates", 
    "ref_temp_k": 473.15, 
    "fraction": 0.0
   }, 
   {
    "sara_type": "Aromatics", 
    "ref_temp_k": 473.15, 
    "fraction": 0.06
   }, 
   {
    "sara_type": "Saturates", 
    "ref_temp_k": 573.15, 
    "fraction": 0.085
   }, 
   {
    "sara_type": "Aromatics", 
    "ref_temp_k": 573.15, 
    "fraction": 0.085
   }, 
   {
    "sara_type": "Saturates", 
    "ref_temp_k": 673.15, 
    "fraction": 0.09
   }, 
   {
    "sara_type": "Aromatics", 
    "ref_temp_k": 673.15, 
    "fraction": 0.09
   }, 
   {
    "sara_type": "Saturates", 
    "ref_temp_k": 773.15, 
    "fraction": 0.08
   }, 
   {
    "sara_type": "Aromatics", 
    "ref_temp_k": 773.15, 
    "fraction": 0.08
   }, 
   {
    "sara_type": "Saturates", 
    "ref_temp_k": 873.15, 
    "fraction": 0.06
   }, 
   {
    "sara_type": "Aromatics", 
    "ref_temp_k": 873.15, 
    "fraction": 0.06
   }, 
   {
    "sara_type": "Saturates", 
    "ref_temp_k": 973.15, 
    "fraction": 0.0132
   }, 
   {
    "sara_type": "Aromatics", 
    "ref_temp_k": 973.15, 
    "fraction": 0.0132
   }
  ], 
  "kvis": [
   {
    "m_2_s": 3.8335776e-05, 
    "ref_temp_k": 273.15, 
    "weathering": 0.0
   }, 
   {
    "m_2_s": 1.8262755e-05, 
    "ref_temp_k": 288.15, 
    "weathering": 0.0
   }
  ], 
  "k0y": 2.024e-06, 
  "oil_water_interfacial_tension_ref_temp_k": 273.15, 
  "wax_content_fraction": null
 }, 
 "name": "ElementType", 
 "standard_density": 876.1, 
 "initializers": [
  {
   "windage_range": [
    0.01, 
    0.04
   ], 
   "json_": "save", 
   "obj_type": "gnome.spill.elements.initializers.InitWindages", 
   "name": "windages", 
   "windage_persist": 900
  }
 ], 
 "json_": "save"
}