{
 "on": true, 
 "obj_type": "gnome.outputters.geo_json.IceGeoJsonOutput", 
 "name": "IceGeoJsonOutput", 
 "ice_movers": [
  {
   "on": true, 
   "obj_type": "gnome.movers.current_movers.IceMover", 
   "uncertain_time_delay": 0.0, 
   "name": "IceMover", 
   "uncertain_duration": 24.0, 
   "active_start": "-inf", 
   "uncertain_cross": 0.25, 
   "json_": "save", 
   "extrapolate": false, 
   "topology_file": "/Users/james.makela/Dev/git_repos/PyGnome/py_gnome/tests/unit_tests/sample_data/currents/acnfs_topo.dat", 
   "active_stop": "inf", 
   "uncertain_along": 0.5, 
   "current_scale": 1.0, 
   "filename": "/Users/james.makela/Dev/git_repos/PyGnome/py_gnome/tests/unit_tests/sample_data/currents/acnfs_example.nc", 
   "id": "IceMover_4.json"
  }
 ], 
 "output_last_step": true, 
 "json_": "save", 
 "output_zero_step": true
}