{
 "outputters": [
  {
   "obj_type": "gnome.outputters.geo_json.CurrentGeoJsonOutput", 
   "id": "CurrentGeoJsonOutput_0.json"
  }, 
  {
   "obj_type": "gnome.outputters.geo_json.IceGeoJsonOutput", 
   "id": "IceGeoJsonOutput_1.json"
  }
 ], 
 "obj_type": "gnome.model.Model", 
 "weathering_substeps": 1, 
 "uncertain": false, 
 "name": "Model", 
 "map": {
  "json_": "save", 
  "obj_type": "gnome.map.MapFromBNA", 
  "refloat_halflife": 1.0, 
  "name": "MassBayMap.bna", 
  "filename": "MassBayMap.bna"
 }, 
 "movers": [
  {
   "obj_type": "gnome.movers.random_movers.RandomMover", 
   "id": "RandomMover_0.json"
  }, 
  {
   "obj_type": "gnome.movers.wind_movers.WindMover", 
   "id": "WindMover_1.json"
  }, 
  {
   "obj_type": "gnome.movers.current_movers.CatsMover", 
   "id": "CatsMover_2.json"
  }, 
  {
   "obj_type": "gnome.movers.current_movers.CatsMover", 
   "id": "CatsMover_3.json"
  }, 
  {
   "obj_type": "gnome.movers.current_movers.IceMover", 
   "id": "IceMover_4.json"
  }
 ], 
 "start_time": "2013-02-13T09:00:00", 
 "weatherers": [
  {
   "obj_type": "gnome.weatherers.evaporation.Evaporation", 
   "id": "Evaporation_0.json"
  }, 
  {
   "obj_type": "gnome.weatherers.cleanup.Skimmer", 
   "id": "Skimmer_1.json"
  }, 
  {
   "obj_type": "gnome.weatherers.cleanup.Burn", 
   "id": "Burn_2.json"
  }
 ], 
 "environment": [
  {
   "obj_type": "gnome.environment.wind.Wind", 
   "id": "Wind_1.json"
  }, 
  {
   "obj_type": "gnome.environment.tide.Tide", 
   "id": "Tide_3.json"
  }, 
  {
   "obj_type": "gnome.environment.environment.Water", 
   "id": "Water_2.json"
  }
 ], 
 "cache_enabled": false, 
 "make_default_refs": true, 
 "spills": [
  {
   "obj_type": "gnome.spill.spill.Spill", 
   "id": "Spill_0.json"
  }
 ], 
 "duration": 172800.0, 
 "time_step": 1800.0, 
 "json_": "save"
}