{
 "outputters": [], 
 "obj_type": "gnome.model.Model", 
 "weathering_substeps": 1, 
 "uncertain": false, 
 "name": "Model", 
 "map": {
  "json_": "save", 
  "obj_type": "gnome.map.MapFromBNA", 
  "refloat_halflife": 6.0, 
  "name": "LongIslandSoundMap.BNA", 
  "filename": "LongIslandSoundMap.BNA"
 }, 
 "movers": [], 
 "start_time": "2012-09-15T12:00:00", 
 "weatherers": [
  {
   "obj_type": "gnome.weatherers.evaporation.Evaporation", 
   "id": "Evaporation_0.json"
  }, 
  {
   "obj_type": "gnome.weatherers.emulsification.Emulsification", 
   "id": "Emulsification_1.json"
  }, 
  {
   "obj_type": "gnome.weatherers.roc.Skim", 
   "id": "Skim_2.json"
  }
 ], 
 "environment": [
  {
   "obj_type": "gnome.environment.waves.Waves", 
   "id": "Waves_3.json"
  }, 
  {
   "obj_type": "gnome.environment.wind.Wind", 
   "id": "Wind_1.json"
  }, 
  {
   "obj_type": "gnome.environment.water.Water", 
   "id": "Water_0.json"
  }
 ], 
 "cache_enabled": false, 
 "make_default_refs": true, 
 "spills": [
  {
   "obj_type": "gnome.spill.spill.Spill", 
   "id": "Spill_0.json"
  }
 ], 
 "mode": "gnome", 
 "duration": 86400.0, 
 "time_step": 600.0, 
 "json_": "save", 
 "location": []
}