{
 "active_start": "-inf", 
 "speed": 2.0, 
 "obj_type": "gnome.weatherers.roc.Skim", 
 "skim_efficiency_type": "meh", 
 "group": "A", 
 "recovery": "0.75", 
 "rig_time": 1800.0, 
 "recovery_ef": 0.75, 
 "storage": 2000.0, 
 "decant": 0.75, 
 "swath_width": 150.0, 
 "nameplate_pump": 100.0, 
 "units": {
  "storage": "bbl", 
  "swath_width": "ft", 
  "nameplate_pump": "gpm", 
  "decant_pump": "gpm", 
  "speed": "kts", 
  "discharge_pump": "gpm"
 }, 
 "json_": "save", 
 "timeseries": [
  [
   "2012-09-15T12:00:00", 
   "2012-09-16T01:00:00"
  ]
 ], 
 "decant_pump": 150.0, 
 "on": true, 
 "name": "Skim", 
 "transit_time": 7200.0, 
 "throughput": 0.75, 
 "active_stop": "inf", 
 "barge_arrival": null, 
 "discharge_pump": 1000.0
}