{
 "on": true, 
 "obj_type": "gnome.spill.spill.Spill", 
 "name": "Point/Line Release", 
 "json_": "save", 
 "amount": 10000.0, 
 "element_type": "ElementType_6.json", 
 "amount_uncertainty_scale": 0.0, 
 "units": "kg", 
 "release": {
  "num_elements": 10, 
  "obj_type": "gnome.spill.release.PointLineRelease", 
  "name": "PointLineRelease", 
  "_next_release_pos": [
   -72.83, 
   41.13, 
   0.0
  ], 
  "start_position": [
   -72.83, 
   41.13, 
   0.0
  ], 
  "json_": "save", 
  "release_time": "2012-09-15T12:00:00", 
  "end_release_time": "2012-09-15T12:00:00", 
  "num_released": 0
 }
}