{
 "on": true, 
 "obj_type": "gnome.spill.spill.Spill", 
 "name": "Point/Line Release", 
 "json_": "save", 
 "amount": 1000.0, 
 "element_type": "ElementType_13.json", 
 "amount_uncertainty_scale": 0.0, 
 "units": "kg", 
 "release": {
  "num_elements": 1000, 
  "obj_type": "gnome.spill.release.PointLineRelease", 
  "name": "PointLineRelease", 
  "_next_release_pos": [
   144.664166, 
   13.441944, 
   0.0
  ], 
  "start_position": [
   144.664166, 
   13.441944, 
   0.0
  ], 
  "json_": "save", 
  "release_time": "2013-02-13T09:00:00", 
  "end_release_time": "2013-02-13T15:00:00", 
  "num_released": 0
 }
}